[
    {
        "New" : "New",
        "Star" : "5.0",
        "Reviews" : "(20 Reviews)",
        "Name" : "Place Perfect For Nature",
        "Amount" : "$41,400",
        "Location" : "318-330 S Oakley Blvd, chicago, IL 60612, USA",
        "Beds" : "3 Beds",
        "Baths" : "3 Baths",
        "Sqft" : "1500 Sqft",
        "Date" : "16 Jan 2024",
        "Category" : "Apratment",
        "RentImage" : "product-1.jpg",
        "AvatarImage" : "avatar-01.jpg",
        "FavClass" : "favourite",
        "Class" : "new-featured"
    },
    {
        "New" : "",
        "Star" : "5.0",
        "Reviews" : "(25 Reviews)",
        "Name" : "Beautiful Condo Room",
        "Amount" : "$78,000",
        "Location" : "470 Park Ave S, New York, NY 10016",
        "Beds" : "2 Beds",
        "Baths" : "2 Baths",
        "Sqft" : "3000 Sqft",
        "Date" : "17 Jan 2024",
        "Category" : "Condos",
        "RentImage" : "product-2.jpg",
        "AvatarImage" : "avatar-02.jpg",
        "FavClass" : "favourite",
        "Class" : ""
    },
    {
        "Amount": "$63,000",
        "New": "",
        "Class": "",
        "RentImage": "product-3.jpg",
        "AvatarImage": "avatar-03.jpg",
        "Star": "5.0",
        "Reviews": "(10 Reviews)",
        "Name": "Summer house",
        "Location": "82-25 Parsons Blvd, Jamaica,NY 11432, USA",
        "Beds": "3 Beds",
        "Baths": "4 Baths",
        "Sqft": "35000 Sqft",
        "Date": "13 Jan 2024",
        "FavClass": "favourite",
        "Category": "House"
    },    {
        "New" : "",
        "Star" : "3.0",
        "Reviews" : "(3 Reviews)",
        "Name" : "Beautiful Condo Room",
        "Amount" : "$63,000",
        "Location" : "470 Park Ave S, New York, NY 10016",
        "Beds" : "2 Beds",
        "Baths" : "4 Baths",
        "Sqft" : "5000 Sqft",
        "Date" : "17 Jan 2024",
        "Category" : "Home",
        "RentImage" : "product-4.jpg",
        "AvatarImage" : "avatar-04.jpg",
        "FavClass" : "favourite",
        "Class" : ""
    },
    {
        "New" : "",
        "Star" : "5.0",
        "Reviews" : "(5 Reviews)",
        "Name" : "Minimalist and bright flat",
        "Amount" : "$51,000",
        "Location" : "518-520 8th Ave, New York, NY 10018, USA",
        "Beds" : "4 Beds",
        "Baths" : "1 Baths",
        "Sqft" : "5000 Sqft",
        "Date" : "18 Jan 2024",
        "Category" : "Flats",
        "RentImage" : "product-5.jpg",
        "AvatarImage" : "avatar-05.jpg",
        "FavClass" : "favourite",
        "Class" : ""
    }
]