[
    {
        "id": "1",
        "Image": "product-1.jpg",
        "Price": "$41,000",
        "Badge": "Featured",
        "BadgeClass": "new-featured",
        "BadgeTwo": "New",
        "Avatar": "avatar-01.jpg",
        "Rating": "5.0",
        "Review": "20 Reviews",
        "Title": "Place perfect for nature",
        "Content": "318-S Oakley Blvd, Chicago, IL 60612, USA",
        "Bed": "4 Beds",
        "Baths": "4 Baths",
        "Space": "35000 Sqft",
        "Listed": "16 Jan 2024",
        "Category": "Apartment",

        "Image1": "product-2.jpg",
        "Price1": "$78,000",
        "Badge1": "Featured",
        "Avatar1": "avatar-02.jpg",
        "Rating1": "3.0",
        "Review1": "10 Reviews",
        "Title1": "Beautiful Condo Room",
        "Content1": "470 Park Ave S, New York, NY 10016",
        "Bed1": "3 Beds",
        "Baths1": "2 Baths",
        "Space1": "15000 Sqft",
        "Listed1": "17 Jan 2024",
        "Category1": "Condos"
    },
    {
        "id": "2",
        "Image": "product-3.jpg",
        "Price": "$63,000",
        "Badge": "Featured",
        "BadgeClass": "",
        "BadgeTwo": "",
        "Avatar": "avatar-03.jpg",
        "Rating": "4.0",
        "Review": "28 Reviews",
        "Title": "Summer house",
        "Content": "82-25 Parsons Blvd, Jamaica, NY 11432, USA",
        "Bed": "2 Beds",
        "Baths": "1 Baths",
        "Space": "5000 Sqft",
        "Listed": "13 Jan 2024",
        "Category": "House",

        "Image1": "product-4.jpg",
        "Price1": "$51,000",
        "Badge1": "Featured",
        "Avatar1": "avatar-04.jpg",
        "Rating1": "5.0",
        "Review1": "15 Reviews",
        "Title1": "Minimalist and bright flat",
        "Content1": "518-520 8th Ave, New York, NY 10018, USA",
        "Bed1": "3 Beds",
        "Baths1": "1 Baths",
        "Space1": "25000 Sqft",
        "Listed1": "18 Jan 2024",
        "Category1": "Flats"
    },
    {
        "id": "5",
        "Image": "product-5.jpg",
        "Price": "$29,000",
        "Badge": "Featured",
        "BadgeClass": "",
        "BadgeTwo": "",
        "Avatar": "avatar-05.jpg",
        "Rating": "5.0",
        "Review": "20 Reviews",
        "Title": "Two storey modern flat",
        "Content": "470 Park Ave S, New York, NY 10016",
        "Bed": "2 Beds",
        "Baths": "2 Baths",
        "Space": "31000 Sqft",
        "Listed": "19 Jan 2024",
        "Category": "Flat",

        "Image1": "product-2.jpg",
        "Price1": "$80,000",
        "Badge1": "Featured",
        "Avatar1": "avatar-06.jpg",
        "Rating1": "4.0",
        "Review1": "12 Reviews",
        "Title1": "Modern apartment",
        "Content1": "122 N Morgan St, Chicago, IL 60607, USA",
        "Bed1": "3 Beds",
        "Baths1": "3 Baths",
        "Space1": "12000 Sqft",
        "Listed1": "20 Jan 2024",
        "Category1": "Apartment"
    },
    {
        "id": "7",
        "Image": "product-4.jpg",
        "Price": "$51,000",
        "Badge": "Featured",
        "BadgeClass": "",
        "BadgeTwo": "",
        "Avatar": "avatar-07.jpg",
        "Rating": "5.0",
        "Review": "60 Reviews",
        "Title": "Minimalist and bright flat",
        "Content": "518-520 8th Ave, New York, NY 10018, USA",
        "Bed": "4 Beds",
        "Baths": "2 Baths",
        "Space": "23000 Sqft",
        "Listed": "21 Jan 2024",
        "Category": "Flats",
        
        "Image1": "product-3.jpg",
        "Price1": "$41,000",
        "Badge1": "Featured",
        "Avatar1": "avatar-05.jpg",
        "Rating1": "5.0",
        "Review1": "50 Reviews",
        "Title1": "Place perfect for nature",
        "Content1": "318-S Oakley Blvd, Chicago, IL 60612, USA",
        "Bed1": "2 Beds",
        "Baths1": "4 Baths",
        "Space1": "15000 Sqft",
        "Listed1": "16 Jan 2024",
        "Category1": "Apartment"
    }
]