[
    {
        "id": 1,
        "Image": "rent-list-01.jpg",
        "Badge": "Featured",
        "BadgeClass": "featured",
        "Badge1": "New",
        "BadgeClass1": "new-featured",
        "Price": "$4,500",
        "Title": "Royal Apartment",
        "Content": "Jl. Seminyak Asri, No.4, Kuta",
        "Beds": "5 Beds",
        "Baths": "2 Baths",
        "Space": "11000 Sqft",
        "Avatar": "avatar-01.jpg",
        "Name": "Marc Silva",
        "City": "Newyork"
    },
    {
        "id": 2,
        "Image": "rent-list-02.jpg",
        "Badge": "",
        "BadgeClass": "",
        "Badge1": "",
        "BadgeClass1": "",
        "Price": "$8,500",
        "Title": "Grand Mahaka",
        "Content": "Jl. Bandung Permai, No.6, Bandung",
        "Beds": "3 Beds",
        "Baths": "2 Baths",
        "Space": "9000 Sqft",
        "Avatar": "avatar-02.jpg",
        "Name": "Scott Gwin",
        "City": "Minipoliies"
    },
    {
        "id": 3,
        "Image": "rent-list-03.jpg",
        "Badge": "Featured",
        "BadgeClass": "featured",
        "Badge1": "",
        "BadgeClass1": "",
        "Price": "$2,200",
        "Title": "Lunaria Residenc",
        "Content": "Jl. Surabaya Jaya, No.10, Surabaya",
        "Beds": "2 Beds",
        "Baths": "4 Baths",
        "Space": "12000 Sqft",
        "Avatar": "avatar-03.jpg",
        "Name": "Kell Robinson",
        "City": "USA"
    },
    {
        "id": 4,
        "Image": "rent-list-04.jpg",
        "Badge": "Featured",
        "BadgeClass": "featured",
        "Badge1": "",
        "BadgeClass1": "",
        "Price": "$2,200",
        "Title": "Grand Mahaka",
        "Content": "Jl. Bandung Permai, No.6, Bandung",
        "Beds": "4 Beds",
        "Baths": "4 Baths",
        "Space": "3500 Sqft",
        "Avatar": "avatar-04.jpg",
        "Name": "Silya Reckz",
        "City": "Newyork"
    }
]