[
    {
        "id": 1,
        "Image": "product-6.jpg",
        "Price": "$2,200",
        "BadgeClass": "new-featured",
        "Badge": "New",
        "Title": "Beautiful Condo Room",
        "Content": "318-S Oakley Blvd, Chicago, IL 60612, USA",
        "Beds": "4 Beds",
        "Baths": "4 Baths",
        "Space": "35000 Sqft",
        "Avatar": "avatar-01.jpg",
        "Name": "Marc Silva",
        "City": "Newyork"      
    },
    {
        "id": 2,
        "Image": "product-7.jpg",
        "Price": "$1,400",
        "BadgeClass": "",
        "Badge": "",
        "Title": "Grand Mahaka",
        "Content": "470 Park Ave S, New York, NY 10016",
        "Beds": "2 Beds",
        "Baths": "1 Baths",
        "Space": "5000 Sqft",
        "Avatar": "avatar-02.jpg",
        "Name": "Karen Maria",
        "City": "South Dokata"      
    },
    {
        "id": 3,
        "Image": "product-8.jpg",
        "Price": "$1,500",
        "BadgeClass": "",
        "Badge": "",
        "Title": "Royal Apartment",
        "Content": "82-25 Parsons Blvd, Jamaica, NY 11432, USA",
        "Beds": "3 Beds",
        "Baths": "3 Baths",
        "Space": "12000 Sqft",
        "Avatar": "avatar-03.jpg",
        "Name": "Scott Gwin",
        "City": "Minipoliies"      
    },
    {
        "id": 4,
        "Image": "product-9.jpg",
        "Price": "$3,500",
        "BadgeClass": "",
        "Badge": "",
        "Title": "Lunaria Residence",
        "Content": "518-520 8th Ave, New York, NY 10018, USA",
        "Beds": "4 Beds",
        "Baths": "2 Baths",
        "Space": "31000 Sqft",
        "Avatar": "avatar-04.jpg",
        "Name": "Burdette",
        "City": "Cambridge"      
    },
    {
        "id": 5,
        "Image": "product-10.jpg",
        "Price": "$4,500",
        "BadgeClass": "",
        "Badge": "",
        "Title": "Grand Villa house",
        "Content": "470 Park Ave S, New York, NY 10016",
        "Beds": "4 Beds",
        "Baths": "2 Baths",
        "Space": "11000 Sqft",
        "Avatar": "avatar-05.jpg",
        "Name": "Kell Robinson",
        "City": "USA"      
    },
    {
        "id": 6,
        "Image": "product-11.jpg",
        "Price": "$2,400",
        "BadgeClass": "",
        "Badge": "",
        "Title": "Stephen Alexander Homes",
        "Content": "122 N Morgan St, Chicago, IL 60607, USA",
        "Beds": "1 Beds",
        "Baths": "1 Baths",
        "Space": "7000 Sqft",
        "Avatar": "avatar-07.jpg",
        "Name": "Pittman",
        "City": "Cambridge"      
    }
]