[
    {
        "Image" : "avatar-01.jpg",
        "Name" : "Horace Cole"
    },
    {
        "Image" : "avatar-02.jpg",
        "Name" : "Karen Maria"
    },
    {
        "Image" : "avatar-03.jpg",
        "Name" : "Jack Nitzsche"
    },
    {
        "Image" : "avatar-04.jpg",
        "Name" : "Sofia Retz"
    },
    {
        "Image" : "avatar-05.jpg",
        "Name" : "John Doe"
    },
    {
        "Image" : "avatar-06.jpg",
        "Name" : "Valerie L. Ellis"
    },
    {
        "Image" : "avatar-07.jpg",
        "Name" : "Courtland Artois"
    },
    {
        "Image" : "avatar-08.jpg",
        "Name" : "Rabien Ustoc"
    },
    {
        "Image" : "avatar-09.jpg",
        "Name" : "Laverne Marier"
    }
]