[
    {
        "Amount" : "$41,000",
        "New" : "New",
        "Class" : "new-featured",
        "ProductImage" : "product-1.jpg",
        "AvatarImage" : "avatar-01.jpg",
        "Star" : "5.0",
        "Reviews" : "(40 Reviews)",
        "Title" : "Place perfect for nature",
        "Location" : "318-S Oakley Blvd, Chicago,IL 60612, USA",
        "Beds" : "4 Beds",
        "Baths" : "4 Baths",
        "Sqft" : "35000 Sqft",
        "Date" : "16 Jan 2024",
        "FavClass" : "favourite",
        "Category" : "Apartment",
        "StarClass" : "fa-solid fa-star checked",
        "StarClass1" : "fa-solid fa-star checked",
        "StarClass2" : "fa-solid fa-star checked"
    },
    {
        "Amount" : "$78,000",
        "New" : "",
        "Class" : "",
        "ProductImage" : "product-2.jpg",
        "AvatarImage" : "avatar-02.jpg",
        "Star" : "4.0",
        "Reviews" : "(8 Reviews)",
        "Title" : "Beautiful Condo Room",
        "Location" : "470 Park Ave S, New York, NY 10016",
        "Beds" : "3 Beds",
        "Baths" : "1 Baths",
        "Sqft" : "12000  Sqft",
        "Date" : "17 Jan 2024",
        "FavClass" : "favourite",
        "Category" : "Condos",
        "StarClass" : "fa-solid fa-star checked",
        "StarClass1" : "fa-solid fa-star checked",
        "StarClass2" : "fa-solid fa-star"
    },
    {
        "Amount" : "$63,000",
        "New" : "",
        "Class" : "",
        "ProductImage" : "product-3.jpg",
        "AvatarImage" : "avatar-03.jpg",
        "Star" : "5.0",
        "Reviews" : "(18 Reviews)",
        "Title" : "Summer house",
        "Location" : "82-25 Parsons Blvd, Jamaica,NY 11432, USA",
        "Beds" : "2 Beds",
        "Baths" : "3 Baths",
        "Sqft" : "2300 Sqft",
        "Date" : "13 Jan 2024",
        "FavClass" : "favourite",
        "Category" : "House",
        "StarClass" : "fa-solid fa-star checked",
        "StarClass1" : "fa-solid fa-star checked",
        "StarClass2" : "fa-solid fa-star checked"
    },
    {
        "Amount" : "$51,000",
        "New" : "",
        "Class" : "",
        "ProductImage" : "product-4.jpg",
        "AvatarImage" : "avatar-04.jpg",
        "Star" : "3.0",
        "Reviews" : "(8 Reviews)",
        "Title" : "Minimalist and bright flat",
        "Location" : "518-520 8th Ave, New York, NY 10018, USA",
        "Beds" : "3 Beds",
        "Baths" : "3 Baths",
        "Sqft" : "12000 Sqft",
        "Date" : "18 Jan 2024",
        "FavClass" : "favourite",
        "Category" : "Flats",
        "StarClass" : "fa-solid fa-star",
        "StarClass1" : "fa-solid fa-star",
        "StarClass2" : "fa-solid fa-star"
    },
    {
        "Amount" : "$70,000",
        "New" : "",
        "Class" : "",
        "ProductImage" : "product-5.jpg",
        "AvatarImage" : "avatar-05.jpg",
        "Star" : "5.0",
        "Reviews" : "(12 Reviews)",
        "Title" : "Two storey modern flat",
        "Location" : "470 Park Ave S, New York, NY 10016",
        "Beds" : "3 Beds",
        "Baths" : "4 Baths",
        "Sqft" : "5000 Sqft",
        "Date" : "19 Jan 2024",
        "FavClass" : "favourite",
        "Category" : "Flat",
        "StarClass" : "fa-solid fa-star checked",
        "StarClass1" : "fa-solid fa-star checked",
        "StarClass2" : "fa-solid fa-star checked"
    },
    {
        "Amount" : "$80,000",
        "New" : "",
        "Class" : "",
        "ProductImage" : "product-2.jpg",
        "AvatarImage" : "avatar-06.jpg",
        "Star" : "4.0",
        "Reviews" : "(5 Reviews)",
        "Title" : "Modern apartment",
        "Location" : "122 N Morgan St, Chicago, IL 60607, USA",
        "Beds" : "2 Beds",
        "Baths" : "2 Baths",
        "Sqft" : "15000 Sqft",
        "Date" : "20 Jan 2024",
        "FavClass" : "favourite selected",
        "Category" : "Apartment",
        "StarClass" : "fa-solid fa-star checked",
        "StarClass1" : "fa-solid fa-star checked",
        "StarClass2" : "fa-solid fa-star"
    }
]