[
    {
        "New" : "New",
        "Star" : "5.0",
        "Reviews" : "(20 Reviews)",
        "Topic" : "Place perfect for nature",
        "Amount" : "$41,400",
        "Location" : "318-330 S Oakley Blvd, chicago, IL 60612, USA",
        "Beds" : "3 Beds",
        "Baths" : "1 Baths",
        "Sqft" : "15000 Sqft",
        "Date" : "17 Jan 2024",
        "Category" : "Condos",
        "RentImage" : "rent-list-01.jpg",
        "AvatarImage" : "avatar-02.jpg",
        "Class" : "new-featured",
        "StarClass" : "fa-solid fa-star checked",
        "StarClass1" : "fa-solid fa-star checked"
    },
    {
        "New" : "",
        "Star" : "4.0",
        "Reviews" : "(12 Reviews)",
        "Topic" : "Modern Apartment",
        "Amount" : "$1,400",
        "Location" : "318-330 S Oakley Blvd, Chicago, IL 60612, USA",
        "Beds" : "3 Beds",
        "Baths" : "4 Baths",
        "Sqft" : "5000 Sqft",
        "Date" : "17 Jan 2024",
        "Category" : "Condos",
        "RentImage" : "rent-list-02.jpg",
        "AvatarImage" : "avatar-01.jpg",
        "Class" : "",
        "StarClass" : "fa-solid fa-star checked",
        "StarClass1" : "fa-solid fa-star"
    },
    {
        "New" : "",
        "Star" : "5.0",
        "Reviews" : "(3 Reviews)",
        "Topic" : "Two storey modern flat",
        "Amount" : "$21,400",
        "Location" : "470 Park Ave S, New York, NY 10016",
        "Beds" : "2 Beds",
        "Baths" : "2 Baths",
        "Sqft" : "15000 Sqft",
        "Date" : "13 Jan 2024",
        "Category" : "Flat",
        "RentImage" : "rent-list-03.jpg",
        "AvatarImage" : "avatar-03.jpg",
        "Class" : "",
        "StarClass" : "fa-solid fa-star checked",
        "StarClass1" : "fa-solid fa-star checked"
    },
    {
        "New" : "",
        "Star" : "3.0",
        "Reviews" : "(3 Reviews)",
        "Topic" : "Beautiful Condo Room",
        "Amount" : "$12,400",
        "Location" : "470 Park Ave S, New York, NY 10016",
        "Beds" : "4 Beds",
        "Baths" : "4 Baths",
        "Sqft" : "35000 Sqft",
        "Date" : "17 Jan 2024",
        "Category" : "Home",
        "RentImage" : "rent-list-03.jpg",
        "AvatarImage" : "avatar-04.jpg",
        "Class" : "",
        "StarClass" : "fa-solid fa-star",
        "StarClass1" : "fa-solid fa-star"
    },
    {
        "New" : "",
        "Star" : "5.0",
        "Reviews" : "(30 Reviews)",
        "Topic" : "Minimalist and bright flat",
        "Amount" : "$48,400",
        "Location" : "518-520 8th Ave, New York, NY 10018, USA",
        "Beds" : "4 Beds",
        "Baths" : "4 Baths",
        "Sqft" : "35000 Sqft",
        "Date" : "27 Jan 2024",
        "Category" : "Home",
        "RentImage" : "rent-list-04.jpg",
        "AvatarImage" : "avatar-05.jpg",
        "Class" : "",
        "StarClass" : "fa-solid fa-star checked",
        "StarClass1" : "fa-solid fa-star checked"
    },
    {
        "New" : "",
        "Star" : "3.0",
        "Reviews" : "(30 Reviews)",
        "Topic" : "Modern Apartment",
        "Amount" : "$48,400",
        "Location" : "122-140 N Morgan St, Chicago, IL 60607, USA",
        "Beds" : "4 Beds",
        "Baths" : "4 Baths",
        "Sqft" : "35000 Sqft",
        "Date" : "27 Jan 2024",
        "Category" : "Apartments",
        "RentImage" : "rent-list-05.jpg",
        "AvatarImage" : "avatar-06.jpg",
        "Class" : "",
        "StarClass" : "fa-solid fa-star",
        "StarClass1" : "fa-solid fa-star"
    }
]