[
    {
        "id": 1,
        "Image": "product-6.jpg",
        "Price": "$2,200",
        "Badge": "New",
        "BadgeClass": "new-featured",
        "Title": "Beautiful Condo Room",
        "Content": "318-S Oakley Blvd, Chicago, IL 60612, USA",
        "Beds": "4 Beds",
        "Baths": "4 Baths",
        "Space": "35000 Sqft",
        "Avatar": "avatar-01.jpg",
        "Name": "Marc Silva",
        "City": "Newyork",
        "Image1": "product-7.jpg",
        "Price1": "$1,400",
        "Title1": "Grand Mahaka",
        "Content1": "470 Park Ave S, New York, NY 10016",
        "Beds1": "4 Beds",
        "Baths1": "4 Baths",
        "Space1": "35000 Sqft",
        "Avatar1": "avatar-02.jpg",
        "Name1": "Karen Maria",
        "City1": "South Dokata"
    },
    {
        "id": 2,
        "Image": "product-8.jpg",
        "Price": "$1,500",
        "Badge": "",
        "BadgeClass": "",
        "Title": "Royal Apartment",
        "Content": "82-25 Parsons Blvd, Jamaica, NY 11432, USA",
        "Beds": "2 Beds",
        "Baths": "3 Baths",
        "Space": "12000 Sqft",
        "Avatar": "avatar-03.jpg",
        "Name": "Scott Gwin",
        "City": "Minipoliies",
        "Image1": "product-9.jpg",
        "Price1": "$3,500",
        "Title1": "Lunaria Residence",
        "Content1": "518-520 8th Ave, New York, NY 10018, USA",
        "Beds1": "3 Beds",
        "Baths1": "2 Baths",
        "Space1": "23000 Sqft",
        "Avatar1": "avatar-04.jpg",
        "Name1": "Burdette",
        "City1": "Cambridge"
    },
    {
        "id": 3,
        "Image": "product-10.jpg",
        "Price": "$4,500 ",
        "Badge": "",
        "BadgeClass": "",
        "Title": "Grand Villa house",
        "Content": "470 Park Ave S, New York, NY 10016",
        "Beds": "4 Beds",
        "Baths": "3 Baths",
        "Space": "5000 Sqft",
        "Avatar": "avatar-05.jpg",
        "Name": "Kell Robinson",
        "City": "USA",
        "Image1": "product-11.jpg",
        "Price1": "$2,400",
        "Title1": "Stephen Alexander Homes",
        "Content1": "122 N Morgan St, Chicago, IL 60607, USA",
        "Beds1": "2 Beds",
        "Baths1": "3 Baths",
        "Space1": "25000 Sqft",
        "Avatar1": "avatar-07.jpg",
        "Name1": "Pittman",
        "City1": "Cambridge"
    },
    {
        "id": 4,
        "Image": "product-7.jpg",
        "Price": "$1,400",
        "Badge": "",
        "BadgeClass": "",
        "Title": "Minimalist and bright flat",
        "Content": "518-520 8th Ave, New York, NY 10018, USA",
        "Beds": "2 Beds",
        "Baths": "2 Baths",
        "Space": "18000 Sqft",
        "Avatar": "avatar-10.jpg",
        "Name": "John Doe",
        "City": "Newyork",
        "Image1": "product-9.jpg",
        "Price1": "$3,500",
        "Title1": "Place perfect for nature",
        "Content1": "318-S Oakley Blvd, Chicago, IL 60612, USA",
        "Beds1": "3 Beds",
        "Baths1": "1 Baths",
        "Space1": "12000 Sqft",
        "Avatar1": "avatar-07.jpg",
        "Name1": "Pittman",
        "City1": "Cambridge"
    }
]