[
    {
        "id": 1,
        "Image": "rent-list-01.jpg",
        "Price": "$4,500",
        "Badge": "Featured",
        "BadgeClass": "featured",
        "Badge1": "New",
        "BadgeClass1": "new-featured",
        "Title": "Beautiful Condo Room",
        "Content": "470 Park Ave S, New York, NY 10016",
        "Beds": "4 Beds",
        "Baths": "4 Baths",
        "Space": "35000 Sqft",
        "Avatar": "avatar-01.jpg",
        "Name": "Marc Silva",
        "City": "Newyork"
    },
    {
        "id": 2,
        "Image": "rent-list-06.jpg",
        "Price": "$8,500",
        "Badge": "",
        "BadgeClass": "",
        "Badge1": "",
        "BadgeClass1": "",
        "Title": "Royal Apartment",
        "Content": "Jl. Bandung Permai, No.6, Bandung",
        "Beds": "2 Beds",
        "Baths": "1 Baths",
        "Space": "12000 Sqft",
        "Avatar": "avatar-02.jpg",
        "Name": "Scott Gwin",
        "City": "Minneapolis"
    },
    {
        "id": 3,
        "Image": "rent-list-05.jpg",
        "Price": "$2,200",
        "Badge": "Featured",
        "BadgeClass": "featured",
        "Badge1": "",
        "BadgeClass1": "",
        "Title": "Lunaria Residence",
        "Content": "Grand Villa house",
        "Beds": "3 Beds",
        "Baths": "2 Baths",
        "Space": "45000 Sqft",
        "Avatar": "avatar-03.jpg",
        "Name": "Kell Robinson",
        "City": "USA"
    },
    {
        "id": 4,
        "Image": "rent-list-02.jpg",
        "Price": "$2,200",
        "Badge": "Featured",
        "BadgeClass": "featured",
        "Badge1": "",
        "BadgeClass1": "",
        "Title": "Grand Mahaka",
        "Content": "Jl. Bandung Permai, No.6, Bandung",
        "Beds": "3 Beds",
        "Baths": "2 Baths",
        "Space": "45000 Sqft",
        "Avatar": "avatar-04.jpg",
        "Name": "Jeny Caps",
        "City": "Newyork"
    },
    {
        "id": 5,
        "Image": "rent-list-03.jpg",
        "Price": "$5,500",
        "Badge": "Featured",
        "BadgeClass": "featured",
        "Badge1": "New",
        "BadgeClass1": "new-featured",
        "Title": "Lunaria Residence",
        "Content": "470 Park Ave S, New York, NY 10016",
        "Beds": "7 Beds",
        "Baths": "5 Baths",
        "Space": "35000 Sqft",
        "Avatar": "avatar-05.jpg",
        "Name": "Ronald Richards",
        "City": "South Dokata"
    }
]